policy,exact_value,expected_reward,std_error,ci95_halfwidth,win_probability,mean_attempts,mean_attempts_given_win,optimal_value,absolute_gap,relative_loss,num_samples,seed,n_controls,total_Q
index_policy,0.609533,0.610242,0.001446,0.002834,0.827275,3.325525,2.959898,0.609533,0.000000,0.000000,40000,0,5,10
greedy_probability,0.600972,0.602280,0.001443,0.002828,0.828425,3.458575,3.123668,0.609533,0.008561,0.014046,40000,0,5,10
greedy_discounted,0.600972,0.602280,0.001443,0.002828,0.828425,3.458575,3.123668,0.609533,0.008561,0.014046,40000,0,5,10
uncoupled_index,0.600972,0.602280,0.001443,0.002828,0.828425,3.458575,3.123668,0.609533,0.008561,0.014046,40000,0,5,10
fixed_priority,0.595832,0.596857,0.001424,0.002792,0.827175,3.503600,3.177441,0.609533,0.013701,0.022478,40000,0,5,10
random_frontier,,0.575109,0.001381,0.002707,0.827275,3.802300,3.543592,0.609533,0.034424,0.056476,40000,0,5,10
single_route,0.469486,0.468507,0.001939,0.003800,0.594975,2.506850,2.280516,0.609533,0.140047,0.229761,40000,0,5,10
