network_id,method,iteration,opt_gap,rm_regret,objective,cum_runtime_s
0,1,1,0.09982045,0.17524606,0.16635694,0.002562
0,1,250,0.00021376,0.00189998,0.06675025,0.374773
0,1,500,0.00003793,0.00113964,0.06657443,0.746211
0,1,602,0.00000000,0.00099999,0.06653650,0.899781
0,2,1,0.09982045,0.16574111,0.16635694,0.012348
0,2,250,-0.00001790,0.00170613,0.06651859,2.891475
0,2,478,-0.00018179,0.00097681,0.06635470,5.524333
