network_id,n_controls,total_Q,method,converged,iters_to_converge,runtime_to_converge_s,avg_regret_at_converge,total_iters,total_runtime_s,converged_minmax_value,final_opt_gap,v_opt,epsilon,samples,final_ell,final_indices
0,13,46,1,True,602,0.899781,0.00099999,602,0.899781,0.06653650,0.00000000,0.06653650,0.001,,"{""v0"": 0.000688, ""v1"": 0.00026, ""v2"": 0.090074, ""v3"": 0.024747, ""v4"": 0.333829, ""v5"": 0.000128, ""v6"": 0.000931, ""v7"": 0.000128, ""v8"": 0.000128, ""v9"": 0.00032, ""v10"": 0.001225, ""v11"": 0.254958, ""v12"": 0.292586}","{""v0"": [0.075211, 0.075186, 0.075107, 0.074824], ""v1"": [0.07532, 0.075289, 0.07528, 0.075236, 0.075212, 0.075201, 0.07516], ""v2"": [0.075376, 0.059995, 0.054951, 0.047784], ""v3"": [0.095993, 0.091962, 0.088314], ""v4"": [0.102844, 0.097701, 0.072518], ""v5"": [0.249635], ""v6"": [0.249226, 0.249021, 0.248829], ""v7"": [0.249792, 0.249628], ""v8"": [0.24998, 0.249849, 0.249746], ""v9"": [0.2499, 0.249897, 0.249841, 0.249685, 0.249536], ""v10"": [0.249158, 0.24904, 0.248897, 0.247702], ""v11"": [0.250131, 0.24655], ""v12"": [0.489735, 0.482598, 0.464012, 0.4459, 0.390575]}"
0,13,46,2,True,478,5.524333,0.00097681,478,5.524333,0.06635470,-0.00018179,0.06653650,0.001,100,"{""v0"": 0.000161, ""v1"": 0.000332, ""v2"": 0.086024, ""v3"": 0.026266, ""v4"": 0.332962, ""v5"": 0.000161, ""v6"": 0.000441, ""v7"": 0.000585, ""v8"": 0.000224, ""v9"": 0.000425, ""v10"": 0.000161, ""v11"": 0.260587, ""v12"": 0.291671}","{""v0"": [0.07514, 0.075134, 0.075115, 0.075049], ""v1"": [0.075107, 0.075067, 0.075055, 0.074999, 0.074969, 0.074955, 0.074903], ""v2"": [0.075178, 0.060321, 0.0554, 0.048359], ""v3"": [0.094775, 0.09057, 0.086784], ""v4"": [0.101924, 0.096835, 0.071908], ""v5"": [0.246726], ""v6"": [0.246771, 0.246675, 0.246585], ""v7"": [0.246438, 0.245703], ""v8"": [0.246978, 0.246753, 0.246575], ""v9"": [0.246937, 0.246933, 0.24686, 0.246657, 0.246462], ""v10"": [0.247113, 0.247098, 0.247079, 0.246923], ""v11"": [0.24724, 0.243649], ""v12"": [0.490768, 0.48363, 0.46504, 0.446922, 0.39156]}"
